"path_absoluto","nome_arquivo","extensao","tamanho_bytes","data_criacao","data_modificacao","sha256","tipo_classificado"
"G:\Meu Drive\0.1_MEU_CUMPADRE\0 0 Gestão Software\Documentação\LGPD _ ANDP-SCC\MC-COMPLIANCE-DPA-Anthropic-SCCs-Brasil-v1_0-2026-0417.md.gdoc","MC-COMPLIANCE-DPA-Anthropic-SCCs-Brasil-v1_0-2026-0417.md.gdoc",".gdoc","186","2026-04-17 12:10:32","2026-04-17 12:12:19",,"B"
"G:\Meu Drive\0.1_MEU_CUMPADRE\0 0 Gestão Software\Documentação\LGPD _ ANDP-SCC\Gmail - Solicitação de Conformidade DPA — Res. ANPD 19_2024 (SCCs Brasileiras) — Operador BR.pdf","Gmail - Solicitação de Conformidade DPA — Res. ANPD 19_2024 (SCCs Brasileiras) — Operador BR.pdf",".pdf","88527","2026-05-06 20:40:28","2026-05-06 20:40:28","D01959949D77AE9EA954BCF055553F173DA65DF04795F7BB87C4642A1ABA041B","B"
"G:\Meu Drive\0.1_MEU_CUMPADRE\0 0 Gestão Software\Documentação\LGPD _ ANDP-SCC\FOLLOW-UP — Solicitação de Conformidade DPA _ SCCs Brasileiras (Res. ANPD 19_2024) — Sem Resposta após 19 dias — Meu Cumpadre.pdf","FOLLOW-UP — Solicitação de Conformidade DPA _ SCCs Brasileiras (Res. ANPD 19_2024) — Sem Resposta após 19 dias — Meu Cumpadre.pdf",".pdf","147253","2026-05-12 20:28:04","2026-05-12 20:28:04","6FAC12E32E06EFF9C53124CC58C030A7F9631B7E473C0E0AFC7250479DBD66F7","B"
"G:\Meu Drive\0.1_MEU_CUMPADRE\0 0 Gestão Software\Documentação\LGPD _ ANDP-SCC\MC-ADR-012-StackLLM-MultiModelo-v1_0-2026-0512.md","MC-ADR-012-StackLLM-MultiModelo-v1_0-2026-0512.md",".md","17836","2026-05-12 20:41:36","2026-05-12 20:42:58","3CA3534D7D47540A9588202184D4B79AA3AEC4459B92E9D253CB16FD24F08A5F","B"
"G:\Meu Drive\0.1_MEU_CUMPADRE\0 0 Gestão Software\Documentação\LGPD _ ANDP-SCC\MC-ADR-012-PATCH-v1_0-para-v1_1-2026-0512.md","MC-ADR-012-PATCH-v1_0-para-v1_1-2026-0512.md",".md","10874","2026-05-12 21:31:42","2026-05-12 21:32:11","E7CB30A7FC3CEBB1EB321AEEB9BF7EE42BF2C7A802056A5D0B627458695B8B82","B"
"G:\Meu Drive\0.1_MEU_CUMPADRE\0 0 Gestão Software\Documentação\LGPD _ ANDP-SCC\RESPOSTA _ Gmail - DPA Compliance Request — Res. ANPD 19_2024 (Brazilian SCCs) — BR Operator.pdf","RESPOSTA _ Gmail - DPA Compliance Request — Res. ANPD 19_2024 (Brazilian SCCs) — BR Operator.pdf",".pdf","136962","2026-05-25 00:58:16","2026-05-25 00:58:16","385EE472E8048A38E77FED8380B5A84C36B5B80ED9AA213054C7179601E39E22","B"
"G:\Meu Drive\0.1_MEU_CUMPADRE\0 0 Gestão Software\Documentação\LGPD _ ANDP-SCC\RESOLUÇÃO CD_ANPD Nº 19, DE 23 DE AGOSTO DE 2024 - RESOLUÇÃO CD_ANPD Nº 19, DE 23 DE AGOSTO DE 2024 - DOU - Imprensa Nacional.pdf","RESOLUÇÃO CD_ANPD Nº 19, DE 23 DE AGOSTO DE 2024 - RESOLUÇÃO CD_ANPD Nº 19, DE 23 DE AGOSTO DE 2024 - DOU - Imprensa Nacional.pdf",".pdf","408162","2026-05-25 05:41:17","2026-05-25 05:41:17","3EDF38C2EAA71B9CC6B16CAE0C54C1DE315A0289DD5BAA94976B68CDE44DED6C","B"
"G:\Meu Drive\0.1_MEU_CUMPADRE\0 0 Gestão Software\Documentação\LGPD _ ANDP-SCC\DPA Anthropic\Termos de Serviço Comerciais _ Anthropic.pdf","Termos de Serviço Comerciais _ Anthropic.pdf",".pdf","449170","2026-05-25 01:32:30","2026-05-25 01:32:30","B4D1488100EB059FC0E5A970861DEA10F88E063FF80B8E57BE41792372A1C3E2","B"
"G:\Meu Drive\0.1_MEU_CUMPADRE\0 0 Gestão Software\Documentação\LGPD _ ANDP-SCC\DPA Anthropic\ANOTAÇÕES _ LINKS ANTHROPIC DPA.md","ANOTAÇÕES _ LINKS ANTHROPIC DPA.md",".md","8883","2026-05-25 01:39:40","2026-05-25 11:00:13","92A32FAB2007767118C3014788B5CAA89EB8BFD5D31C8470936FBE0036255BA9","B"
"G:\Meu Drive\0.1_MEU_CUMPADRE\0 0 Gestão Software\Documentação\LGPD _ ANDP-SCC\DPA Anthropic\Termos de Serviço do Consumidor _ Antrópico DETALHADO.pdf","Termos de Serviço do Consumidor _ Antrópico DETALHADO.pdf",".pdf","488719","2026-05-25 01:40:38","2026-05-25 01:40:38","7E54422CCC57EEF00DE9974B9505B53627459D86CB597EF7EB2DF5C90F705C2D","B"
"G:\Meu Drive\0.1_MEU_CUMPADRE\0 0 Gestão Software\Documentação\LGPD _ ANDP-SCC\DPA Anthropic\Política de Uso _ Antrópico.pdf","Política de Uso _ Antrópico.pdf",".pdf","427825","2026-05-25 01:43:15","2026-05-25 01:43:15","6ED79DD735BB7396EC2C99BBAD33F64821505A0AF224396BFE0434C7285C0C20","B"
"G:\Meu Drive\0.1_MEU_CUMPADRE\0 0 Gestão Software\Documentação\LGPD _ ANDP-SCC\DPA Anthropic\Política de Privacidade _ Antrópico.pdf","Política de Privacidade _ Antrópico.pdf",".pdf","677875","2026-05-25 01:43:52","2026-05-25 01:43:52","C76CC37CF0C4F4B77798D51EFC8DFE390AE76C3E8F4A17D37CBE12BE09222939","B"
"G:\Meu Drive\0.1_MEU_CUMPADRE\0 0 Gestão Software\Documentação\LGPD _ ANDP-SCC\DPA Anthropic\privacy#11-regional-supplemental-disclosures.pdf","privacy#11-regional-supplemental-disclosures.pdf",".pdf","704893","2026-05-25 01:50:11","2026-05-25 01:50:11","37EC05514BD61880DD12C11A0570A5ED3771C14CCEF57A0471DABCE8E3A7C5F1","B"
"G:\Meu Drive\0.1_MEU_CUMPADRE\0 0 Gestão Software\Documentação\LGPD _ ANDP-SCC\DPA Anthropic\Por quanto tempo vocês armazenam meus dados_ _ Centro de Privacidade Antrópico.pdf","Por quanto tempo vocês armazenam meus dados_ _ Centro de Privacidade Antrópico.pdf",".pdf","237360","2026-05-25 01:52:21","2026-05-25 01:52:21","6BA7655855F389B06245528F559FFAAD2C036288678FBD89BEC0BEC99E2CEC4A","B"
"G:\Meu Drive\0.1_MEU_CUMPADRE\0 0 Gestão Software\Documentação\LGPD _ ANDP-SCC\DPA Anthropic\Por quanto tempo vocês armazenam os dados da minha organização_ _ Centro de Privacidade Antrópico.pdf","Por quanto tempo vocês armazenam os dados da minha organização_ _ Centro de Privacidade Antrópico.pdf",".pdf","234866","2026-05-25 01:52:49","2026-05-25 01:52:49","ABF320CA1A6F69376553B83D470F89A96AB835C52AB8FBE28174A7BAF4CB78DE","B"
"G:\Meu Drive\0.1_MEU_CUMPADRE\0 0 Gestão Software\Documentação\LGPD _ ANDP-SCC\DPA Anthropic\Tenho um acordo de retenção zero de dados com a Anthropic. A que produtos ele se aplica_ _ Central de Privacidade da Anthropic.pdf","Tenho um acordo de retenção zero de dados com a Anthropic. A que produtos ele se aplica_ _ Central de Privacidade da Anthropic.pdf",".pdf","192627","2026-05-25 01:55:26","2026-05-25 01:55:26","308B1F3688D14DABEA5EF7E83769DAE6883C1778E890A5DD62FCFA4D4A2E93DD","B"
"G:\Meu Drive\0.1_MEU_CUMPADRE\0 0 Gestão Software\Documentação\LGPD _ ANDP-SCC\DPA Anthropic\API and data retention - Claude API Docs.pdf","API and data retention - Claude API Docs.pdf",".pdf","785795","2026-05-25 01:56:24","2026-05-25 01:56:24","B01021A627C47EB4062F38AC3A6A10DDEDFAD056F4D1F91B537B47C5C7069F54","B"
"G:\Meu Drive\0.1_MEU_CUMPADRE\0 0 Gestão Software\Documentação\LGPD _ ANDP-SCC\DPA Anthropic\API e retenção de dados - Documentação da API Claude.pdf","API e retenção de dados - Documentação da API Claude.pdf",".pdf","910466","2026-05-25 02:00:41","2026-05-25 02:00:41","C62010B2AD028DA252A286C1CD1CFF546F476F5D09656E3DC1CFAAF2E00A881D","B"
"G:\Meu Drive\0.1_MEU_CUMPADRE\0 0 Gestão Software\Documentação\LGPD _ ANDP-SCC\DPA Anthropic\API and data retention - Claude API Docs HIPAA readiness.pdf","API and data retention - Claude API Docs HIPAA readiness.pdf",".pdf","786600","2026-05-25 02:02:03","2026-05-25 02:02:03","EB1AA970C497AED2E17102A6A9E23752C958AFCFD462845C4D840D69F54BFD00","B"
"G:\Meu Drive\0.1_MEU_CUMPADRE\0 0 Gestão Software\Documentação\LGPD _ ANDP-SCC\DPA Anthropic\Retenção Zero de Dados (ZDR) - Documentação do código Claude.pdf","Retenção Zero de Dados (ZDR) - Documentação do código Claude.pdf",".pdf","212941","2026-05-25 02:02:42","2026-05-25 02:02:42","3F80E67364133CE425C33D99C94564C4C82B5D802C070183EE6EF5EBD3773526","B"
"G:\Meu Drive\0.1_MEU_CUMPADRE\0 0 Gestão Software\Documentação\LGPD _ ANDP-SCC\DPA Anthropic\Planos e Preços _ Team e Enterprise _ Claude by Anthropic.pdf","Planos e Preços _ Team e Enterprise _ Claude by Anthropic.pdf",".pdf","635039","2026-05-25 02:06:03","2026-05-25 02:06:03","C3F7882DF6F3C5E7736E8316AEECAF4C3358C537B40EDDD44C215CC01D9C9F7A","B"
"G:\Meu Drive\0.1_MEU_CUMPADRE\0 0 Gestão Software\Documentação\LGPD _ ANDP-SCC\DPA Anthropic\Configurar definições geridas pelo servidor - Documentação do Claude Code.pdf","Configurar definições geridas pelo servidor - Documentação do Claude Code.pdf",".pdf","489611","2026-05-25 02:09:11","2026-05-25 02:09:11","D65928D4FF26491AD60AEBEB86DFE6283CA0E374CFD76F05902C81DD33378F71","B"
"G:\Meu Drive\0.1_MEU_CUMPADRE\0 0 Gestão Software\Documentação\LGPD _ ANDP-SCC\DPA Anthropic\Monitore o uso da equipe com análises - Documentação do Claude Code.pdf","Monitore o uso da equipe com análises - Documentação do Claude Code.pdf",".pdf","373554","2026-05-25 02:10:03","2026-05-25 02:10:03","89C4B7B151DAC3AD7886C8DA9659BC72D7E2294EF9B47BAF895248B6EABFBC72","B"
"G:\Meu Drive\0.1_MEU_CUMPADRE\0 0 Gestão Software\Documentação\LGPD _ ANDP-SCC\DPA Anthropic\ALESSANDRO _ Claude.pdf","ALESSANDRO _ Claude.pdf",".pdf","220354","2026-05-25 02:15:19","2026-05-25 02:15:19","84E1483F686EF39CF0161E0A0A6027A8C4A60AA7BD3BACCB1D9100D00F0C8CD2","B"
"G:\Meu Drive\0.1_MEU_CUMPADRE\0 0 Gestão Software\Documentação\LGPD _ ANDP-SCC\DPA Anthropic\Claude Code _ Claude Platform.pdf","Claude Code _ Claude Platform.pdf",".pdf","244435","2026-05-25 02:17:31","2026-05-25 02:17:31","169270567E114198CABD08616934CC508844351A9320CDA1C497373F5CE4C8F2","B"
"G:\Meu Drive\0.1_MEU_CUMPADRE\0 0 Gestão Software\Documentação\LGPD _ ANDP-SCC\DPA Anthropic\Instalando Claude .github.pdf","Instalando Claude .github.pdf",".pdf","156868","2026-05-25 02:23:07","2026-05-25 02:23:07","333F1D5920E660CF7AEF4F3493ECB4B6A7BD8F9E4B97CF04BDF7E1349541D1EB","B"
"G:\Meu Drive\0.1_MEU_CUMPADRE\0 0 Gestão Software\Documentação\LGPD _ ANDP-SCC\DPA Anthropic\Utilização de dados - Documentação do código Claude.pdf","Utilização de dados - Documentação do código Claude.pdf",".pdf","513394","2026-05-25 04:18:29","2026-05-25 04:18:29","7BFE074237CF4559C7EDD16A793EFCFEE4E5E5CDBE59746CFC4CC72D341820CA","B"
"G:\Meu Drive\0.1_MEU_CUMPADRE\0 0 Gestão Software\Documentação\LGPD _ ANDP-SCC\DPA Anthropic\API e retenção de dados - Documentação da API Claude - médicos.pdf","API e retenção de dados - Documentação da API Claude - médicos.pdf",".pdf","920575","2026-05-25 04:19:59","2026-05-25 04:19:59","1AF954F0C073123AFED1EBCF982680D4117236F8BDBC5DDC864BAFB47955EBE1","B"
"G:\Meu Drive\0.1_MEU_CUMPADRE\0 0 Gestão Software\Documentação\LGPD _ ANDP-SCC\DPA Anthropic\Anthropic Resources.zip","Anthropic Resources.zip",".zip","97555227","2026-05-25 04:21:09","2026-05-25 04:21:12","9F79EBC44201D67BFACB2AB10A434E12B83FE887C478DCF8DFA103A8A59E5B5D","E"
"G:\Meu Drive\0.1_MEU_CUMPADRE\0 0 Gestão Software\Documentação\LGPD _ ANDP-SCC\DPA Anthropic\Acordos de Parceiros Comerciais (BAA) para Clientes Comerciais _ Centro de Privacidade Antropológica.pdf","Acordos de Parceiros Comerciais (BAA) para Clientes Comerciais _ Centro de Privacidade Antropológica.pdf",".pdf","340941","2026-05-25 04:22:47","2026-05-25 04:22:47","AC287E6150DF732BF790AD22260D26923B7359EF9144E66309DE5DAFBF819B87","B"
"G:\Meu Drive\0.1_MEU_CUMPADRE\0 0 Gestão Software\Documentação\LGPD _ ANDP-SCC\DPA Anthropic\Configure controles personalizados de retenção de dados para planos corporativos _ Central de Privacidade da Anthropic.pdf","Configure controles personalizados de retenção de dados para planos corporativos _ Central de Privacidade da Anthropic.pdf",".pdf","258735","2026-05-25 04:23:55","2026-05-25 04:23:55","B665CEA575A3843A040FE6A4151394F931339E7D23F2CD484177D33D90B94204","B"
"G:\Meu Drive\0.1_MEU_CUMPADRE\0 0 Gestão Software\Documentação\LGPD _ ANDP-SCC\DPA Anthropic\Acessar registros de auditoria _ Central de Ajuda do Claude.pdf","Acessar registros de auditoria _ Central de Ajuda do Claude.pdf",".pdf","336180","2026-05-25 04:26:37","2026-05-25 04:26:37","198D438DA913F8AF41C81FA143C58DD634AF9F7AD2B5914F70D6A044C19FD38B","B"
"G:\Meu Drive\0.1_MEU_CUMPADRE\0 0 Gestão Software\Documentação\LGPD _ ANDP-SCC\DPA Anthropic\Usando chats anônimos _ Central de Ajuda do Claude.pdf","Usando chats anônimos _ Central de Ajuda do Claude.pdf",".pdf","247429","2026-05-25 04:27:33","2026-05-25 04:27:33","7E39205FDD9121E3E44090B7E720B5BF7ACBD4D2549D063DDDB89BBFAEF320F4","B"
"G:\Meu Drive\0.1_MEU_CUMPADRE\0 0 Gestão Software\Documentação\LGPD _ ANDP-SCC\DPA Anthropic\Is my data used for model training_ _ Anthropic Privacy Center.pdf","Is my data used for model training_ _ Anthropic Privacy Center.pdf",".pdf","365989","2026-05-25 04:28:38","2026-05-25 04:28:38","07F337D7C04D1D661F4C242B2584A4D20C5B2DD2D12CB2CCEE40A71FA2779022","B"
"G:\Meu Drive\0.1_MEU_CUMPADRE\0 0 Gestão Software\Documentação\LGPD _ ANDP-SCC\DPA Anthropic\Acesse a API de Conformidade _ Central de Ajuda do Claude.pdf","Acesse a API de Conformidade _ Central de Ajuda do Claude.pdf",".pdf","325330","2026-05-25 04:29:47","2026-05-25 04:29:47","FC7D03F200BFE9EC11F86A68B2C2FDE3449A273B63272659F6ADF559A216E3CB","B"
"G:\Meu Drive\0.1_MEU_CUMPADRE\0 0 Gestão Software\Documentação\LGPD _ ANDP-SCC\DPA Anthropic\Compliance API.md","Compliance API.md",".md","6868","2026-05-25 04:30:49","2026-05-25 04:30:49","4EF5068DE0FB21D2E0B0684A24421D2AE83213460697E4DC3B3C3E7D2ED9760A","B"
"G:\Meu Drive\0.1_MEU_CUMPADRE\0 0 Gestão Software\Documentação\LGPD _ ANDP-SCC\DPA Anthropic\Listar organizações, usuários, funções e grupos - Documentação da API do Claude.pdf","Listar organizações, usuários, funções e grupos - Documentação da API do Claude.pdf",".pdf","688825","2026-05-25 04:34:10","2026-05-25 04:34:10","318F127101BBEE2378E50A4104F29F83C4FEA892F9F4A41ADFDB35F56C3A8C9A","B"
"G:\Meu Drive\0.1_MEU_CUMPADRE\0 0 Gestão Software\Documentação\LGPD _ ANDP-SCC\DPA Anthropic\Espaços de trabalho - Documentação da API do Claude.pdf","Espaços de trabalho - Documentação da API do Claude.pdf",".pdf","802724","2026-05-25 04:35:32","2026-05-25 04:35:32","87DC587F2F54920CD6E3A79C2BE47149B956DED07EF3BE61175CB8B676C729F8","B"
"G:\Meu Drive\0.1_MEU_CUMPADRE\0 0 Gestão Software\Documentação\LGPD _ ANDP-SCC\DPA Anthropic\Compliance API - Claude API Reference.pdf","Compliance API - Claude API Reference.pdf",".pdf","642367","2026-05-25 04:37:00","2026-05-25 04:37:00","AE1E0A808E6AAC7D1BF47B408952510D28D90332F74F12E761A9C4502DF720D8","B"
"G:\Meu Drive\0.1_MEU_CUMPADRE\0 0 Gestão Software\Documentação\LGPD _ ANDP-SCC\DPA Anthropic\Use o Claude Cowork nos planos Team e Enterprise _ Central de Ajuda do Claude.pdf","Use o Claude Cowork nos planos Team e Enterprise _ Central de Ajuda do Claude.pdf",".pdf","279388","2026-05-25 04:37:48","2026-05-25 04:37:48","AEDB92DD577499925A634938A9775AF23A7A721108ED2596DF85B5A7D9A1550C","B"
"G:\Meu Drive\0.1_MEU_CUMPADRE\0 0 Gestão Software\Documentação\LGPD _ ANDP-SCC\DPA Anthropic\Usar plugins no Claude Cowork _ Central de Ajuda do Claude.pdf","Usar plugins no Claude Cowork _ Central de Ajuda do Claude.pdf",".pdf","691198","2026-05-25 04:42:11","2026-05-25 04:42:11","F312488AB237250F36FF616BA9A3D7D7CDB31E952A9A4DC7B65E6EA4DDE21F0B","B"
"G:\Meu Drive\0.1_MEU_CUMPADRE\0 0 Gestão Software\Documentação\LGPD _ ANDP-SCC\DPA Anthropic\Comece a usar conectores personalizados com o MCP remoto _ Central de Ajuda do Claude.pdf","Comece a usar conectores personalizados com o MCP remoto _ Central de Ajuda do Claude.pdf",".pdf","322297","2026-05-25 04:42:45","2026-05-25 04:42:45","AE8D2567C2D43C3E0B519E6507BF2375BA6FD014A2D471A55A0C2D2E55CFDA86","B"
"G:\Meu Drive\0.1_MEU_CUMPADRE\0 0 Gestão Software\Documentação\LGPD _ ANDP-SCC\DPA Anthropic\Utilizando pesquisas sobre Claude _ Central de Ajuda do Claude.pdf","Utilizando pesquisas sobre Claude _ Central de Ajuda do Claude.pdf",".pdf","216209","2026-05-25 04:44:34","2026-05-25 04:44:34","DD6B2E2F409F267DBE214E721F7F5DCEF08974850FCD3EF5A365C26E055275DD","B"
"G:\Meu Drive\0.1_MEU_CUMPADRE\0 0 Gestão Software\Documentação\LGPD _ ANDP-SCC\DPA Anthropic\IP addresses - Claude API Docs.pdf","IP addresses - Claude API Docs.pdf",".pdf","370707","2026-05-25 04:44:48","2026-05-25 04:44:48","1D2EE834FCA21BD79937CAC922313CF2DE47B0BF45DB82924878D31B517B0BAF","B"
"G:\Meu Drive\0.1_MEU_CUMPADRE\0 0 Gestão Software\Documentação\LGPD _ ANDP-SCC\DPA Anthropic\Referência de plugins - Documentação do Claude Code.pdf","Referência de plugins - Documentação do Claude Code.pdf",".pdf","1472796","2026-05-25 04:49:31","2026-05-25 04:49:31","D294CB8AAFF0A2C55ED83BCFFDA25948EC326E5BF757EE438A747A3A3E5ECEFB","B"
"G:\Meu Drive\0.1_MEU_CUMPADRE\0 0 Gestão Software\Documentação\LGPD _ ANDP-SCC\DPA Anthropic\Referência da CLI - Documentação do Claude Code.pdf","Referência da CLI - Documentação do Claude Code.pdf",".pdf","808491","2026-05-25 04:52:07","2026-05-25 04:52:07","F91B68780593738DD84BD24A0F3AAE6CC30563F5235A608753CD71CF563ADA93","B"
"G:\Meu Drive\0.1_MEU_CUMPADRE\0 0 Gestão Software\Documentação\LGPD _ ANDP-SCC\DPA Anthropic\Comandos - Documentação do Código Claude.pdf","Comandos - Documentação do Código Claude.pdf",".pdf","685135","2026-05-25 04:52:24","2026-05-25 04:52:24","0471D784E72FB514DCE554A1D6C629DAC656C0E0D2206C3E28051B01684F48DD","B"
"G:\Meu Drive\0.1_MEU_CUMPADRE\0 0 Gestão Software\Documentação\LGPD _ ANDP-SCC\DPA Anthropic\Variáveis __de ambiente - Documentação do código Claude.pdf","Variáveis __de ambiente - Documentação do código Claude.pdf",".pdf","1533303","2026-05-25 04:53:54","2026-05-25 04:53:54","DE0CD9F149711290FD7AD1969AE7F6A09255B66C7BD827EED1783BC5F20F8924","B"
"G:\Meu Drive\0.1_MEU_CUMPADRE\0 0 Gestão Software\Documentação\LGPD _ ANDP-SCC\DPA Anthropic\Environment variables - Claude Code Docs.pdf","Environment variables - Claude Code Docs.pdf",".pdf","1572828","2026-05-25 04:55:07","2026-05-25 04:55:07","0AFDDF6F62A1129896B9069A7E879D69011FD4E6D6906D3BBA27E6E9854E733B","B"
"G:\Meu Drive\0.1_MEU_CUMPADRE\0 0 Gestão Software\Documentação\LGPD _ ANDP-SCC\DPA Anthropic\Referência de ferramentas - Documentação do código Claude.pdf","Referência de ferramentas - Documentação do código Claude.pdf",".pdf","774882","2026-05-25 04:55:27","2026-05-25 04:55:27","052F9BA0EE175AB278F63EABE09DD52560E9E663D629C056AD25580A55ED95C6","B"
"G:\Meu Drive\0.1_MEU_CUMPADRE\0 0 Gestão Software\Documentação\LGPD _ ANDP-SCC\DPA Anthropic\Modo interativo - Documentação do código Claude.pdf","Modo interativo - Documentação do código Claude.pdf",".pdf","776251","2026-05-25 04:58:00","2026-05-25 04:58:00","A39BB1F6DFAF1084D34CC1972807AA0243FBA8C3A94F070451B50CA90B17174D","B"
"G:\Meu Drive\0.1_MEU_CUMPADRE\0 0 Gestão Software\Documentação\LGPD _ ANDP-SCC\DPA Anthropic\Adendo de Processamento de Dados _ Antrópico.pdf","Adendo de Processamento de Dados _ Antrópico.pdf",".pdf","504697","2026-05-25 05:33:41","2026-05-25 05:33:41","5BB1A311C41D985D829BADE5847FC7E5AAA2447B11AD86D5B85B1349A1203503","B"
"G:\Meu Drive\0.1_MEU_CUMPADRE\0 0 Gestão Software\Documentação\LGPD _ ANDP-SCC\DPA Anthropic\Como altero as configurações de privacidade para aprimoramento do modelo_ _ Centro de Privacidade Antrópico.pdf","Como altero as configurações de privacidade para aprimoramento do modelo_ _ Centro de Privacidade Antrópico.pdf",".pdf","217892","2026-05-25 05:35:19","2026-05-25 05:35:19","4B150522A08F4E3E7CF1077E53C70E1E898822C714549D533AB6832727882B32","B"
"G:\Meu Drive\0.1_MEU_CUMPADRE\0 0 Gestão Software\Documentação\LGPD _ ANDP-SCC\DPA Anthropic\Centro de Confiança - Antrópico.pdf","Centro de Confiança - Antrópico.pdf",".pdf","789545","2026-05-25 05:35:49","2026-05-25 05:35:49","FB38BDA12864039AC164B8B3B078F160226747962532E1184A2E42C17D1F9402","B"
"G:\Meu Drive\0.1_MEU_CUMPADRE\0 0 Gestão Software\Documentação\LGPD _ ANDP-SCC\DPA Anthropic\Política de Cookies _ Antrópico.pdf","Política de Cookies _ Antrópico.pdf",".pdf","341884","2026-05-25 05:36:56","2026-05-25 05:36:56","F150E468160D5570B463D3792FE3F2C8F1C51482F0D80B76F6AA55D8827C7CAB","B"
"G:\Meu Drive\0.1_MEU_CUMPADRE\0 0 Gestão Software\Documentação\LGPD _ ANDP-SCC\DPA Anthropic\Política de Privacidade para Não Usuários _ Antrópico.pdf","Política de Privacidade para Não Usuários _ Antrópico.pdf",".pdf","491430","2026-05-25 05:37:20","2026-05-25 05:37:20","DD63F7223CA86E79089CA84FDD68DDFFAC72A0030B1D470BC77FB9039483A896","B"
"G:\Meu Drive\0.1_MEU_CUMPADRE\0 0 Gestão Software\Documentação\LGPD _ ANDP-SCC\DPA Anthropic\Centro de Confiança - Antrópico  Subprocessadores.pdf","Centro de Confiança - Antrópico  Subprocessadores.pdf",".pdf","364288","2026-05-25 05:38:46","2026-05-25 05:38:46","5E05EF3FA11CABE4BED893051735CC489E5FA58C8C9B5B248B357FD7D4E29358","B"
"G:\Meu Drive\0.1_MEU_CUMPADRE\0 0 Gestão Software\Documentação\LGPD _ ANDP-SCC\DPA Anthropic\Como posso excluir ou renomear uma conversa_ _ Central de Ajuda do Claude.pdf","Como posso excluir ou renomear uma conversa_ _ Central de Ajuda do Claude.pdf",".pdf","219355","2026-05-25 05:39:21","2026-05-25 05:39:21","BA2A4DAC977C04943F23AE82389384DEF0482A3E88EBEE7F297637DCD06CD9C3","B"
"G:\Meu Drive\0.1_MEU_CUMPADRE\0 0 Gestão Software\Documentação\LGPD _ ANDP-SCC\DPA Anthropic\Sobre o Programa de Parceiros de Desenvolvimento _ Central de Ajuda Claude.pdf","Sobre o Programa de Parceiros de Desenvolvimento _ Central de Ajuda Claude.pdf",".pdf","234429","2026-05-25 05:40:34","2026-05-25 05:40:34","0E363DBEC924298041DFD88A3E1B264F6CA6A640BA8D1CB566DC9040B726A932","B"
"G:\Meu Drive\0.1_MEU_CUMPADRE\0 0 Gestão Software\Documentação\LGPD _ ANDP-SCC\DPA Anthropic\DORA\DORA _ Inteligência Artificial.pdf","DORA _ Inteligência Artificial.pdf",".pdf","2850816","2026-05-25 02:27:43","2026-05-25 02:27:43","F683AB130A161A6E8DE09CD659C79CB901A996CC8DC17AA5CEF1CB3394C88576","B"
"G:\Meu Drive\0.1_MEU_CUMPADRE\0 0 Gestão Software\Documentação\LGPD _ ANDP-SCC\DPA Anthropic\DORA\_DORA-roi-of-ai-assisted-software-development-2026.pdf","_DORA-roi-of-ai-assisted-software-development-2026.pdf",".pdf","49169060","2026-05-25 02:30:20","2026-05-25 02:30:23","5F4F6A3DFC906C0DA51FBDBA95F01AC560302BF7DCF531A073167BC0D05A33C2","B"
"G:\Meu Drive\0.1_MEU_CUMPADRE\0 0 Gestão Software\Documentação\LGPD _ ANDP-SCC\DPA Anthropic\DORA\2025_dora_ai_capabilities_model.pdf","2025_dora_ai_capabilities_model.pdf",".pdf","9241786","2026-05-25 02:31:35","2026-05-25 02:31:35","1D9541E728B6E402000C9D468E2CDCE54CE3B2D6447D509CDB2B8AC40C193AAF","B"
"G:\Meu Drive\0.1_MEU_CUMPADRE\0 0 Gestão Software\Documentação\LGPD _ ANDP-SCC\DPA Anthropic\DORA\DORA _ Verificação rápida da DORA.pdf","DORA _ Verificação rápida da DORA.pdf",".pdf","530106","2026-05-25 02:32:23","2026-05-25 02:32:23","C4F2BDFCD244D0BEE84E93C1BF4DD210A46950BAEFF413974BA95C44588852E3","B"
"G:\Meu Drive\0.1_MEU_CUMPADRE\0 0 Gestão Software\Documentação\LGPD _ ANDP-SCC\DPA Anthropic\DORA\DORA _ Métricas de desempenho de entrega de software da DORA.pdf","DORA _ Métricas de desempenho de entrega de software da DORA.pdf",".pdf","690703","2026-05-25 02:34:28","2026-05-25 02:34:28","29564B660B373CB35F325B02C1167A701F4284372C5AE5E4AF137463C60A65F7","B"
"G:\Meu Drive\0.1_MEU_CUMPADRE\0 0 Gestão Software\Documentação\LGPD _ ANDP-SCC\DPA Anthropic\DORA\DORA _ Pesquisa.pdf","DORA _ Pesquisa.pdf",".pdf","552086","2026-05-25 02:35:36","2026-05-25 02:35:36","00C039D69107913F07DF8A97FCB662B4A68D4993FC7FDB1F5EB4EDAF8DC40328","B"
"G:\Meu Drive\0.1_MEU_CUMPADRE\0 0 Gestão Software\Documentação\LGPD _ ANDP-SCC\DPA Anthropic\DORA\the-roi-of-devops-transformation-google-cloud-dora.pdf","the-roi-of-devops-transformation-google-cloud-dora.pdf",".pdf","1092264","2026-05-25 02:36:03","2026-05-25 02:36:03","156704F3ED93672786C9D9D59749CE22C07058B7AF9428651760C4700F1EE93B","B"
"G:\Meu Drive\0.1_MEU_CUMPADRE\0 0 Gestão Software\Documentação\LGPD _ ANDP-SCC\DPA Anthropic\DORA\DORA _ Competências_ Bem-estar.pdf","DORA _ Competências_ Bem-estar.pdf",".pdf","267024","2026-05-25 02:37:14","2026-05-25 02:37:14","06BFE1B41472C27F02AA6CD0C7E601923C3C1A5814112D6B34E185039983CE91","B"
"G:\Meu Drive\0.1_MEU_CUMPADRE\0 0 Gestão Software\Documentação\LGPD _ ANDP-SCC\DPA Anthropic\DORA\DORA _ Um histórico das métricas de entrega de software da DORA.pdf","DORA _ Um histórico das métricas de entrega de software da DORA.pdf",".pdf","297639","2026-05-25 02:38:14","2026-05-25 02:38:14","F819914444B1643B493D58E5B577EB76360B0C16D14129F5AD7D3A1AA805F82D","B"
"G:\Meu Drive\0.1_MEU_CUMPADRE\0 0 Gestão Software\Documentação\LGPD _ ANDP-SCC\DPA Anthropic\DORA\Modern Software Engineering - Google Books.pdf","Modern Software Engineering - Google Books.pdf",".pdf","328059","2026-05-25 02:42:13","2026-05-25 02:42:13","21166DC48B5F2DA2C53A29C2CFB6E4D933930D825D9412182752C7C442A7038C","B"
"G:\Meu Drive\0.1_MEU_CUMPADRE\0 0 Gestão Software\Documentação\LGPD _ ANDP-SCC\DPA Anthropic\DORA\DORA _ Escolhendo estruturas de medição que se adequem aos objetivos da sua organização.pdf","DORA _ Escolhendo estruturas de medição que se adequem aos objetivos da sua organização.pdf",".pdf","490876","2026-05-25 02:44:33","2026-05-25 02:44:33","CB81AC9CED08CE48C4FCB17154EF4743A9AE10C78B4ABB61E3DC22AAE5348F84","B"
"G:\Meu Drive\0.1_MEU_CUMPADRE\0 0 Gestão Software\Documentação\LGPD _ ANDP-SCC\DPA Anthropic\DORA\Goodhart's law - Wikipedia.pdf","Goodhart's law - Wikipedia.pdf",".pdf","357316","2026-05-25 02:45:10","2026-05-25 02:45:10","1A4BAC51559B1CABADFB7F030FF14544554B78FC164C83487682A48DBA0895E9","B"
"G:\Meu Drive\0.1_MEU_CUMPADRE\0 0 Gestão Software\Documentação\LGPD _ ANDP-SCC\DPA Anthropic\DORA\DORA _ Mapeamento do fluxo de valor para entrega de software.pdf","DORA _ Mapeamento do fluxo de valor para entrega de software.pdf",".pdf","6007188","2026-05-25 02:50:06","2026-05-25 02:50:06","8F780DDF8B001A719F0624465BD6D210E7E55525DBFDC3C396130B399F317BF1","B"
"G:\Meu Drive\0.1_MEU_CUMPADRE\0 0 Gestão Software\Documentação\LGPD _ ANDP-SCC\DPA Anthropic\DORA\Engenharia de Fluxo - Revolução da TI.pdf","Engenharia de Fluxo - Revolução da TI.pdf",".pdf","761565","2026-05-25 02:50:31","2026-05-25 02:50:31","DF2192F840DB3A64D76E72F2182B9F3C3F835AB662CE2E3276F3643A5D314D23","B"
"G:\Meu Drive\0.1_MEU_CUMPADRE\0 0 Gestão Software\Documentação\LGPD _ ANDP-SCC\DPA Anthropic\DORA\FLOW Engineering _FLEN_Excerpt.pdf","FLOW Engineering _FLEN_Excerpt.pdf",".pdf","1264292","2026-05-25 02:50:56","2026-05-25 02:50:56","5CE389DE08D11FCD6BBE76EE3C0FE4101C9F28C3ECD0C1990EAEF12DE764074A","B"
"G:\Meu Drive\0.1_MEU_CUMPADRE\0 0 Gestão Software\Documentação\LGPD _ ANDP-SCC\DPA Anthropic\DORA\FLOW Engineering _FLEN_Reader's Guide.pdf","FLOW Engineering _FLEN_Reader's Guide.pdf",".pdf","245533","2026-05-25 02:52:35","2026-05-25 02:52:35","AD1C3BB382411C5AE16B7346FE8CBB854CAACA6B7096F612A68E27C856573E4A","B"
"G:\Meu Drive\0.1_MEU_CUMPADRE\0 0 Gestão Software\Documentação\LGPD _ ANDP-SCC\DPA Anthropic\DORA\Flow Engineering_Quick Start Guide.pdf","Flow Engineering_Quick Start Guide.pdf",".pdf","507107","2026-05-25 02:53:15","2026-05-25 02:53:15","7E66138BB2FFEF01A0D77330E93C2733315480E89AA0D6B608B31C8B011D074F","B"
"G:\Meu Drive\0.1_MEU_CUMPADRE\0 0 Gestão Software\Documentação\LGPD _ ANDP-SCC\DPA Anthropic\DORA\Flow-Engineering-Bonus-Map_Capability-Mapping.pdf","Flow-Engineering-Bonus-Map_Capability-Mapping.pdf",".pdf","126289","2026-05-25 02:53:29","2026-05-25 02:53:29","4120ABDBD1F74796921C60A1FA2790FF727E92349524FE4D61652B7E8C93E02C","B"
"G:\Meu Drive\0.1_MEU_CUMPADRE\0 0 Gestão Software\Documentação\LGPD _ ANDP-SCC\DPA Anthropic\DORA\Flow-Engineering-Game.pdf","Flow-Engineering-Game.pdf",".pdf","140229","2026-05-25 02:53:55","2026-05-25 02:53:55","64446CA6188ABBC90D2753F161EE7386EF7A14209A99A87E16CF59D86BA94FEA","B"
"G:\Meu Drive\0.1_MEU_CUMPADRE\0 0 Gestão Software\Documentação\LGPD _ ANDP-SCC\DPA Anthropic\DORA\DORA _ Competências_ Qualidade da documentação.pdf","DORA _ Competências_ Qualidade da documentação.pdf",".pdf","302929","2026-05-25 02:55:28","2026-05-25 02:55:28","4D2753E7D30C9EA414A134B1E72934320A1DD70F26FF3E90B0F266E0205E71D4","B"
"G:\Meu Drive\0.1_MEU_CUMPADRE\0 0 Gestão Software\Documentação\LGPD _ ANDP-SCC\DPA Anthropic\DORA\Recursos para redação técnica _ Redação técnica _ Google para desenvolvedores.pdf","Recursos para redação técnica _ Redação técnica _ Google para desenvolvedores.pdf",".pdf","229401","2026-05-25 02:57:46","2026-05-25 02:57:46","829D03C053B59D46CB26A44533456CA11A04E758B4546D540F5A976F22222713","B"
"G:\Meu Drive\0.1_MEU_CUMPADRE\0 0 Gestão Software\Documentação\LGPD _ ANDP-SCC\DPA Anthropic\DORA\Análise detalhada do Relatório State of DevOps 2022 sobre documentação _ Blog do Google Cloud.pdf","Análise detalhada do Relatório State of DevOps 2022 sobre documentação _ Blog do Google Cloud.pdf",".pdf","1274562","2026-05-25 02:58:05","2026-05-25 02:58:05","B6892ABDF0738DBCEBFF88C48D9CD5C7940E93F39385A25E630492FBC3A15FAE","B"
"G:\Meu Drive\0.1_MEU_CUMPADRE\0 0 Gestão Software\Documentação\LGPD _ ANDP-SCC\DPA Anthropic\DORA\API Documentation _ SmartBear.pdf","API Documentation _ SmartBear.pdf",".pdf","190098","2026-05-25 02:58:48","2026-05-25 02:58:48","9001F9FF1AB7ADFB8D5ABC2DB79AA71C4321D453461753F98A32F915A5E74154","B"
"G:\Meu Drive\0.1_MEU_CUMPADRE\0 0 Gestão Software\Documentação\LGPD _ ANDP-SCC\DPA Anthropic\DORA\State-of-Quality-API-2023-Report.pdf","State-of-Quality-API-2023-Report.pdf",".pdf","3573650","2026-05-25 02:59:50","2026-05-25 02:59:52","498834639E832FA42C40A6F711E10FCB08F76CC29DCBBA7762B6A9664F675CB1","B"
"G:\Meu Drive\0.1_MEU_CUMPADRE\0 0 Gestão Software\Documentação\LGPD _ ANDP-SCC\DPA Anthropic\DORA\Sobre este guia _ Guia de estilo de documentação para desenvolvedores do Google _ Google para desenvolvedores.pdf","Sobre este guia _ Guia de estilo de documentação para desenvolvedores do Google _ Google para desenvolvedores.pdf",".pdf","256793","2026-05-25 03:00:10","2026-05-25 03:00:10","76D9518B4F4CC0B0F5909FF25D19D9941BC8E3A33D0B15E3E5504E50F513C1AE","B"
"G:\Meu Drive\0.1_MEU_CUMPADRE\0 0 Gestão Software\Documentação\LGPD _ ANDP-SCC\DPA Anthropic\DORA\Guia de Comunicação _ University of Oxford Style Guide 2026.docx","Guia de Comunicação _ University of Oxford Style Guide 2026.docx",".docx","110534","2026-05-25 03:01:42","2026-05-25 03:01:42","0837B649A9F2D2AD3EB3B203A4DF9362755BFE28CCE25965F4D40C0C6B89C17A","B"
"G:\Meu Drive\0.1_MEU_CUMPADRE\0 0 Gestão Software\Documentação\LGPD _ ANDP-SCC\DPA Anthropic\DORA\_Guia de Estilo de Escrita da Microsoft.pdf","_Guia de Estilo de Escrita da Microsoft.pdf",".pdf","15452970","2026-05-25 03:04:03","2026-05-25 03:04:03","390DCB6895D9B770663FD3EAB0FF883C6ECF560E04886D5D0DA782B926EDCA15","B"
"G:\Meu Drive\0.1_MEU_CUMPADRE\0 0 Gestão Software\Documentação\LGPD _ ANDP-SCC\DPA Anthropic\DORA\Sumário – Documentação para Desenvolvedores.pdf","Sumário – Documentação para Desenvolvedores.pdf",".pdf","174160","2026-05-25 03:05:35","2026-05-25 03:05:35","7742F1EB2FB17248A8C1AAF59F570B54AD398ECE86B3E9E2BF543A738E4CE974","B"
"G:\Meu Drive\0.1_MEU_CUMPADRE\0 0 Gestão Software\Documentação\LGPD _ ANDP-SCC\DPA Anthropic\DORA\2021-dora-accelerate-state-of-devops-report.pdf","2021-dora-accelerate-state-of-devops-report.pdf",".pdf","3356215","2026-05-25 03:40:36","2026-05-25 03:40:36","6E48299E58300A359CBCBEC80423D52E6E2EEDAB2A791A126EAD0ECAAF261FFF","B"
"G:\Meu Drive\0.1_MEU_CUMPADRE\0 0 Gestão Software\Documentação\LGPD _ ANDP-SCC\DPA Anthropic\DORA\DORA _ Pesquisa DORA sobre Modelos de Equações Estruturais 2022.pdf","DORA _ Pesquisa DORA sobre Modelos de Equações Estruturais 2022.pdf",".pdf","447545","2026-05-25 03:41:38","2026-05-25 03:41:38","D777AA6D89918ECF17BBE35035072BCBAF5D13DD71D82BE7939096DCA7750302","B"
"G:\Meu Drive\0.1_MEU_CUMPADRE\0 0 Gestão Software\Documentação\LGPD _ ANDP-SCC\DPA Anthropic\DORA\2024-dora-accelerate-state-of-devops-report-ptbr.pdf","2024-dora-accelerate-state-of-devops-report-ptbr.pdf",".pdf","44045099","2026-05-25 03:43:23","2026-05-25 03:43:23","64B8F96BB9EDB3B6772CC23599A07D656BD604F7913BF7039AD6F3C423861DC3","B"
"G:\Meu Drive\0.1_MEU_CUMPADRE\0 0 Gestão Software\Documentação\LGPD _ ANDP-SCC\DPA Anthropic\DORA\2025-DORA-Report-Infographic.pdf","2025-DORA-Report-Infographic.pdf",".pdf","649223","2026-05-25 03:46:59","2026-05-25 03:46:59","BEA0808E54E9A0A7D2EE1E8F0EA60874C6960115F26329018EEEDA7401781F30","B"
"G:\Meu Drive\0.1_MEU_CUMPADRE\0 0 Gestão Software\Documentação\LGPD _ ANDP-SCC\DPA Anthropic\DORA\DORA _ Capacidades_ Ecossistemas de dados saudáveis.pdf","DORA _ Capacidades_ Ecossistemas de dados saudáveis.pdf",".pdf","351843","2026-05-25 03:48:22","2026-05-25 03:48:22","874BDD7F2D221600F6416A56DC9CB37E92E8CE11DC4F11AAEB6EFD16E83E1ABD","B"
"G:\Meu Drive\0.1_MEU_CUMPADRE\0 0 Gestão Software\Documentação\LGPD _ ANDP-SCC\DPA Anthropic\DORA\_2025_abridged_state_of_ai_assisted_software_development_pt-br.pdf","_2025_abridged_state_of_ai_assisted_software_development_pt-br.pdf",".pdf","11895376","2026-05-25 03:51:31","2026-05-25 03:51:31","2CAB5A8E02C0530F782A93B6D9830D00FB53A524808659EF5FA0B7514C99A06C","B"
"G:\Meu Drive\0.1_MEU_CUMPADRE\0 0 Gestão Software\Documentação\LGPD _ ANDP-SCC\DPA Anthropic\DORA\DORA _ Capacidades_ Integração contínua.pdf","DORA _ Capacidades_ Integração contínua.pdf",".pdf","331515","2026-05-25 03:52:17","2026-05-25 03:52:17","868824E612812B2CB044F17DDBBD8DBB51F0BBE0ED7E1B192D338FDB5468D54C","B"
"G:\Meu Drive\0.1_MEU_CUMPADRE\0 0 Gestão Software\Documentação\LGPD _ ANDP-SCC\DPA Anthropic\DORA\Integração Contínua ARTIGO.pdf","Integração Contínua ARTIGO.pdf",".pdf","1147128","2026-05-25 03:56:31","2026-05-25 03:56:31","E1C3F6ECAAAA43D1D4F1F5EABA3F740F810CFEE50B46C64098543A154E5A7412","B"
"G:\Meu Drive\0.1_MEU_CUMPADRE\0 0 Gestão Software\Documentação\LGPD _ ANDP-SCC\DPA Anthropic\DORA\DORA _ Capacidades_ Desenvolvimento baseado em tronco.pdf","DORA _ Capacidades_ Desenvolvimento baseado em tronco.pdf",".pdf","571851","2026-05-25 03:57:06","2026-05-25 03:57:06","465F848F7699EEBBAA1731A23BE7AF3911E47EDA42016962E2D985E8382479DA","B"
"G:\Meu Drive\0.1_MEU_CUMPADRE\0 0 Gestão Software\Documentação\LGPD _ ANDP-SCC\DPA Anthropic\DORA\2015-state-of-devops-report.pdf","2015-state-of-devops-report.pdf",".pdf","3231204","2026-05-25 04:01:01","2026-05-25 04:01:01","F84D92AA21AF702B8BABD00D01BBF66F2660768299EAB327A2E71B9D25AD2AC3","B"
"G:\Meu Drive\0.1_MEU_CUMPADRE\0 0 Gestão Software\Documentação\LGPD _ ANDP-SCC\DPA Anthropic\DORA\DORA _ Capacidades_ Automação de testes.pdf","DORA _ Capacidades_ Automação de testes.pdf",".pdf","647052","2026-05-25 04:01:31","2026-05-25 04:01:31","25712DE0ED3BB84AC08CC3E1EC16FCF667EE1EA74E6FA9F7360AF5489ED118F2","B"
"G:\Meu Drive\0.1_MEU_CUMPADRE\0 0 Gestão Software\Documentação\LGPD _ ANDP-SCC\DPA Anthropic\DORA\Padrões - Entrega Contínua PIPELINE.pdf","Padrões - Entrega Contínua PIPELINE.pdf",".pdf","630039","2026-05-25 04:02:20","2026-05-25 04:02:20","B349E64595F689DCF7D584EEACC95123FDFFE7104439A92215D5FB7777E41F5D","B"
"G:\Meu Drive\0.1_MEU_CUMPADRE\0 0 Gestão Software\Documentação\LGPD _ ANDP-SCC\DPA Anthropic\DORA\Desenvolvimento Orientado a Testes _ Test-driven development - Wikipedia.pdf","Desenvolvimento Orientado a Testes _ Test-driven development - Wikipedia.pdf",".pdf","455324","2026-05-25 04:03:10","2026-05-25 04:03:10","D5196A36D7812831B2E820EB76E4BB14B6423FD157908BB22D7C3642D5CFF7AB","B"
"G:\Meu Drive\0.1_MEU_CUMPADRE\0 0 Gestão Software\Documentação\LGPD _ ANDP-SCC\DPA Anthropic\DORA\2016-state-of-devops-report.pdf","2016-state-of-devops-report.pdf",".pdf","3616812","2026-05-25 04:03:20","2026-05-25 04:03:20","B45CC26239EBAB152D5FCC345526208433E21C18D4E01B39F16953588012F83F","B"
"G:\Meu Drive\0.1_MEU_CUMPADRE\0 0 Gestão Software\Documentação\LGPD _ ANDP-SCC\DPA Anthropic\DORA\2018-dora-accelerate-state-of-devops-report.pdf","2018-dora-accelerate-state-of-devops-report.pdf",".pdf","1761255","2026-05-25 04:03:56","2026-05-25 04:03:56","BD3690E42D3F1E5EDAAB3E00A158D8FE0DB299C67F1E726ED59EC6200DC3FE5E","B"
"G:\Meu Drive\0.1_MEU_CUMPADRE\0 0 Gestão Software\Documentação\LGPD _ ANDP-SCC\DPA Anthropic\DORA\DORA _ Capacidades_ Dados internos acessíveis por IA.pdf","DORA _ Capacidades_ Dados internos acessíveis por IA.pdf",".pdf","485119","2026-05-25 04:05:28","2026-05-25 04:05:28","43DBA3A300429323F8B95585CAD5BEC2D378B62AEB215E363A11BD16370E585B","B"
"G:\Meu Drive\0.1_MEU_CUMPADRE\0 0 Gestão Software\Documentação\LGPD _ ANDP-SCC\DPA Anthropic\DORA\O que é a geração aumentada de recuperação (RAG)_ _ Google Cloud.pdf","O que é a geração aumentada de recuperação (RAG)_ _ Google Cloud.pdf",".pdf","485687","2026-05-25 04:07:55","2026-05-25 04:07:55","4D36915854C5CEEF751FB09DF6E2C1A71FFEA5D57AD95A163D9E2AFAE4884106","B"
"G:\Meu Drive\0.1_MEU_CUMPADRE\0 0 Gestão Software\Documentação\LGPD _ ANDP-SCC\DPA Anthropic\DORA\O que é o protocolo de contexto de modelo (MCP)_ Um guia _ Google Cloud.pdf","O que é o protocolo de contexto de modelo (MCP)_ Um guia _ Google Cloud.pdf",".pdf","269305","2026-05-25 04:08:15","2026-05-25 04:08:15","6477EAB8F3664E9EAF6B03BC00E6DB1A4016ED498B33449355A5FFE327CE8232","B"
"G:\Meu Drive\0.1_MEU_CUMPADRE\0 0 Gestão Software\Documentação\LGPD _ ANDP-SCC\DPA Anthropic\DORA\DORA _ Perguntas da Pesquisa Modelo de capacidades de IA da DORA.pdf","DORA _ Perguntas da Pesquisa Modelo de capacidades de IA da DORA.pdf",".pdf","554992","2026-05-25 04:08:59","2026-05-25 04:08:59","6864EF9C980999E161CEDCD4952B3F8EB1639C9869F0F621C3084036FF984505","B"
"G:\Meu Drive\0.1_MEU_CUMPADRE\0 0 Gestão Software\Documentação\LGPD _ ANDP-SCC\DPA Anthropic\DORA\DORA _ Capacidades_ Foco no usuário.pdf","DORA _ Capacidades_ Foco no usuário.pdf",".pdf","335823","2026-05-25 04:10:45","2026-05-25 04:10:45","330126048351D627F13D1E42B0F57CDA706E775813A2EB775320C9C0EA3600A1","B"
"G:\Meu Drive\0.1_MEU_CUMPADRE\0 0 Gestão Software\Documentação\LGPD _ ANDP-SCC\DPA Anthropic\DORA\ai_agents_handbook.pdf","ai_agents_handbook.pdf",".pdf","6150166","2026-05-25 04:15:15","2026-05-25 04:15:15","EE1338254A50424A570A219DFB434CE8378998AE42876331E806604CD5DFBBCD","B"
"G:\Meu Drive\0.1_MEU_CUMPADRE\0 0 Gestão Software\Documentação\LGPD _ ANDP-SCC\DPA Anthropic\DORA\DORA _ Adopt generative AI.pdf","DORA _ Adopt generative AI.pdf",".pdf","454119","2026-05-25 04:17:07","2026-05-25 04:17:07","953A718BCC4918BA92F08BCEFD66B46A251D14B147CFDD5EB63C7087E312833D","B"
"G:\Meu Drive\0.1_MEU_CUMPADRE\0 0 Gestão Software\Documentação\LGPD _ ANDP-SCC\CLAUDE CODE\agent-teams.md","agent-teams.md",".md","25889","2026-05-25 05:05:58","2026-05-25 05:05:58","366A736D9D528A76FEE1A4BE352D0D437EAF77E6EC64F99044120CF0BD169373","B"
"G:\Meu Drive\0.1_MEU_CUMPADRE\0 0 Gestão Software\Documentação\LGPD _ ANDP-SCC\CLAUDE CODE\Modo interativo - Documentação do código Claude.pdf","Modo interativo - Documentação do código Claude.pdf",".pdf","780921","2026-05-25 05:06:03","2026-05-25 05:06:03","DEAC1DF26432529CBE567B6193BAAC247F998B13572BEEC20723CBD0FB3D6A7F","B"
"G:\Meu Drive\0.1_MEU_CUMPADRE\0 0 Gestão Software\Documentação\LGPD _ ANDP-SCC\CLAUDE CODE\Pontos de verificação - Documentação do código Claude.pdf","Pontos de verificação - Documentação do código Claude.pdf",".pdf","267380","2026-05-25 05:06:26","2026-05-25 05:06:26","4FFDB10CCA9EC70438CDEF7E20B8B46B518E06033C4049AAD7CFA4A4591C7063","B"
"G:\Meu Drive\0.1_MEU_CUMPADRE\0 0 Gestão Software\Documentação\LGPD _ ANDP-SCC\CLAUDE CODE\amazon-bedrock.md","amazon-bedrock.md",".md","12894","2026-05-25 05:06:33","2026-05-25 05:06:33","BFCBA6A1EBDA6CB0B38EED093AE82AA43334230C2364761682B2788DA5219BAD","B"
"G:\Meu Drive\0.1_MEU_CUMPADRE\0 0 Gestão Software\Documentação\LGPD _ ANDP-SCC\CLAUDE CODE\analytics.md","analytics.md",".md","11343","2026-05-25 05:07:02","2026-05-25 05:07:02","702BBBCBD075A754D64C8C2740C9B02F8B47DD1CD8C1E253FDAA6BC7632F6016","B"
"G:\Meu Drive\0.1_MEU_CUMPADRE\0 0 Gestão Software\Documentação\LGPD _ ANDP-SCC\CLAUDE CODE\authentication.md","authentication.md",".md","8481","2026-05-25 05:07:25","2026-05-25 05:07:25","44CED870EA481FAA35A166858FD6032330B6B74B2092D3771C5B6BFDE44E76FE","B"
"G:\Meu Drive\0.1_MEU_CUMPADRE\0 0 Gestão Software\Documentação\LGPD _ ANDP-SCC\CLAUDE CODE\Referência de Hooks - Documentação do Claude Code.pdf","Referência de Hooks - Documentação do Claude Code.pdf",".pdf","3892305","2026-05-25 05:08:24","2026-05-25 05:08:24","507AA0267ED62002D6DA09E927526468989669FC41A577B2D7DD46FD0AEE415C","B"
"G:\Meu Drive\0.1_MEU_CUMPADRE\0 0 Gestão Software\Documentação\LGPD _ ANDP-SCC\CLAUDE CODE\best-practices.md","best-practices.md",".md","34952","2026-05-25 05:09:04","2026-05-25 05:09:04","BD9674D513B37D6B8770196354826EB5520929846D384F100B2B8288B08014CC","B"
"G:\Meu Drive\0.1_MEU_CUMPADRE\0 0 Gestão Software\Documentação\LGPD _ ANDP-SCC\CLAUDE CODE\channels.md","channels.md",".md","351","2026-05-25 05:09:17","2026-05-25 05:09:17","0CF76DEE91F26535C4C15861A23B8727B6D1A8693D010463BE365322BE24231D","B"
"G:\Meu Drive\0.1_MEU_CUMPADRE\0 0 Gestão Software\Documentação\LGPD _ ANDP-SCC\CLAUDE CODE\channels-reference.md","channels-reference.md",".md","327","2026-05-25 05:09:19","2026-05-25 05:09:19","04DE996084321CB9CFA0484A102F3FFFB6B3440B841D27FDB92E5DC2E2DD83A9","B"
"G:\Meu Drive\0.1_MEU_CUMPADRE\0 0 Gestão Software\Documentação\LGPD _ ANDP-SCC\CLAUDE CODE\Referência de plugins - Documentação do Claude Code.pdf","Referência de plugins - Documentação do Claude Code.pdf",".pdf","1507223","2026-05-25 05:09:22","2026-05-25 05:09:22","7269FFA00436FA3D4B6F5EBA3F835BF72A2A9BEF275ABFD74FFBEC485C6CDF1F","B"
"G:\Meu Drive\0.1_MEU_CUMPADRE\0 0 Gestão Software\Documentação\LGPD _ ANDP-SCC\CLAUDE CODE\checkpointing.md","checkpointing.md",".md","3899","2026-05-25 05:09:30","2026-05-25 05:09:30","1293A71E6EC9BC951D3BE02DE92A28FD82D59B0FB629452ECA20DEFA2326B838","B"
"G:\Meu Drive\0.1_MEU_CUMPADRE\0 0 Gestão Software\Documentação\LGPD _ ANDP-SCC\CLAUDE CODE\chrome.md","chrome.md",".md","2182","2026-05-25 05:09:38","2026-05-25 05:09:38","BA322282646DF7D59870F82C2B50F64FBB145B0F3648D8CEC4CF74145F0E37A1","B"
"G:\Meu Drive\0.1_MEU_CUMPADRE\0 0 Gestão Software\Documentação\LGPD _ ANDP-SCC\CLAUDE CODE\claude-code-on-the-web.md","claude-code-on-the-web.md",".md","477","2026-05-25 05:09:52","2026-05-25 05:09:52","BA767EA3D742AFEFC661CA69317F032E35F1D6026241F45D99B18C051FB6A815","B"
"G:\Meu Drive\0.1_MEU_CUMPADRE\0 0 Gestão Software\Documentação\LGPD _ ANDP-SCC\CLAUDE CODE\code-review.md","code-review.md",".md","1392","2026-05-25 05:09:57","2026-05-25 05:09:57","93FF2497D612ED3D1505D275E8E5874E985B92F03E90E232A673C2709192936C","B"
"G:\Meu Drive\0.1_MEU_CUMPADRE\0 0 Gestão Software\Documentação\LGPD _ ANDP-SCC\CLAUDE CODE\commands.md","commands.md",".md","986","2026-05-25 05:09:59","2026-05-25 05:09:59","B02C80C9C9DD711F178A18AF8208DC3E3A31AF3D9D7F5488C27152628EC59658","B"
"G:\Meu Drive\0.1_MEU_CUMPADRE\0 0 Gestão Software\Documentação\LGPD _ ANDP-SCC\CLAUDE CODE\common-workflows.md","common-workflows.md",".md","1437","2026-05-25 05:11:47","2026-05-25 05:11:47","B9CA7C6B05C1CD587AA457616C0A418CB6271129313BD96A8DC92105072251E3","B"
"G:\Meu Drive\0.1_MEU_CUMPADRE\0 0 Gestão Software\Documentação\LGPD _ ANDP-SCC\CLAUDE CODE\computer-use.md","computer-use.md",".md","1490","2026-05-25 05:11:55","2026-05-25 05:11:55","0DBE3F8DFB734BB4209D34ECBCF566FDBF0F4D5AF5FD98440A8F3280DB2AAABC","B"
"G:\Meu Drive\0.1_MEU_CUMPADRE\0 0 Gestão Software\Documentação\LGPD _ ANDP-SCC\CLAUDE CODE\costs.md","costs.md",".md","1441","2026-05-25 05:11:58","2026-05-25 05:11:58","3FE7BC4D118B0886A25DC1452346332B1DBF868628E70EC636F36C79BCD7EF0F","B"
"G:\Meu Drive\0.1_MEU_CUMPADRE\0 0 Gestão Software\Documentação\LGPD _ ANDP-SCC\CLAUDE CODE\data-usage.md","data-usage.md",".md","1401","2026-05-25 05:12:02","2026-05-25 05:12:02","64D75D638E6B932E86E1765EEB1912133A166D29FE7A896540A36310D3620DF6","B"
"G:\Meu Drive\0.1_MEU_CUMPADRE\0 0 Gestão Software\Documentação\LGPD _ ANDP-SCC\CLAUDE CODE\Referência de canais - Documentação do código Claude.pdf","Referência de canais - Documentação do código Claude.pdf",".pdf","947430","2026-05-25 05:13:36","2026-05-25 05:13:36","D619C4A3BDD90EE2FF6835DBE0CD5B81757A0AF4F90C67643F3EB6C5773659E4","B"
"G:\Meu Drive\0.1_MEU_CUMPADRE\0 0 Gestão Software\Documentação\LGPD _ ANDP-SCC\CLAUDE CODE\fast-mode.md","fast-mode.md",".md","8280","2026-05-25 05:13:42","2026-05-25 05:13:42","F994F5F5BB8CAA487D4CB578A56E18E4C88BE36FFC6403B6BCC4368E36473FF7","B"
"G:\Meu Drive\0.1_MEU_CUMPADRE\0 0 Gestão Software\Documentação\LGPD _ ANDP-SCC\CLAUDE CODE\features-overview.md","features-overview.md",".md","18009","2026-05-25 05:14:28","2026-05-25 05:14:28","8B9BBF3E624EFA1F80A8DDC17F98D2D1FD6F09B3B81365A8AEEB14A6CA55A850","B"
"G:\Meu Drive\0.1_MEU_CUMPADRE\0 0 Gestão Software\Documentação\LGPD _ ANDP-SCC\CLAUDE CODE\fullscreen.md","fullscreen.md",".md","12808","2026-05-25 05:15:04","2026-05-25 05:15:04","6DB451A7880C0E03A8AEA1174E5F1089A59871AA521C0E5868D3EFF9200A05D3","B"
"G:\Meu Drive\0.1_MEU_CUMPADRE\0 0 Gestão Software\Documentação\LGPD _ ANDP-SCC\CLAUDE CODE\github-actions.md","github-actions.md",".md","8101","2026-05-25 05:15:25","2026-05-25 05:15:25","54495108709825B8CC4A7FCB83579E25C960926A2BF87EF00A6AC3A34A5246E5","B"
"G:\Meu Drive\0.1_MEU_CUMPADRE\0 0 Gestão Software\Documentação\LGPD _ ANDP-SCC\CLAUDE CODE\github-enterprise-server.md","github-enterprise-server.md",".md","7154","2026-05-25 05:15:42","2026-05-25 05:15:42","11D9AE18B73C73A3B884E5E83C7CF284ECEB11D01AE2B2A75E1A2C6F3D89A9FB","B"
"G:\Meu Drive\0.1_MEU_CUMPADRE\0 0 Gestão Software\Documentação\LGPD _ ANDP-SCC\CLAUDE CODE\code.claude.com _ glossary.md","code.claude.com _ glossary.md",".md","23313","2026-05-25 05:16:00","2026-05-25 05:16:00","A5E8B4AB39C1F3115E163A942873DCE25E440AC10DE4E3096BD52EC957225FA2","B"
"G:\Meu Drive\0.1_MEU_CUMPADRE\0 0 Gestão Software\Documentação\LGPD _ ANDP-SCC\CLAUDE CODE\gitlab-ci-cd.md","gitlab-ci-cd.md",".md","3353","2026-05-25 05:16:06","2026-05-25 05:16:06","EC27206445B740311E7E7B28E4FE8D21E372DDC035CDCAD35D3D4CAF03716BAF","B"
"G:\Meu Drive\0.1_MEU_CUMPADRE\0 0 Gestão Software\Documentação\LGPD _ ANDP-SCC\CLAUDE CODE\google-vertex-ai.md","google-vertex-ai.md",".md","2159","2026-05-25 05:16:12","2026-05-25 05:16:12","FAE08D7C2671FD1344E6EA9C5878B758DD3A31E424E31D67DBB05E67763EE3BA","B"
"G:\Meu Drive\0.1_MEU_CUMPADRE\0 0 Gestão Software\Documentação\LGPD _ ANDP-SCC\CLAUDE CODE\headless.md","headless.md",".md","3999","2026-05-25 05:16:23","2026-05-25 05:16:23","ABC87FF7F6D927B4BE32ADA31E0DA604B71A92B792DB8409AE879BE6BBF46C59","B"
"G:\Meu Drive\0.1_MEU_CUMPADRE\0 0 Gestão Software\Documentação\LGPD _ ANDP-SCC\CLAUDE CODE\how-claude-code-works.md","how-claude-code-works.md",".md","3065","2026-05-25 05:16:42","2026-05-25 05:16:42","B144C7BE04A4C0EFCF34C46260008AB919EEB45F14BFB609C13FE825737E4428","B"
"G:\Meu Drive\0.1_MEU_CUMPADRE\0 0 Gestão Software\Documentação\LGPD _ ANDP-SCC\CLAUDE CODE\interactive-mode.md","interactive-mode.md",".md","2980","2026-05-25 05:16:48","2026-05-25 05:16:48","553D13EC93E180F4AEE3380CEEDAEFCFF2EAC9A9ECF2D09C3FE8870FA968B78D","B"
"G:\Meu Drive\0.1_MEU_CUMPADRE\0 0 Gestão Software\Documentação\LGPD _ ANDP-SCC\CLAUDE CODE\jetbrains.md","jetbrains.md",".md","1937","2026-05-25 05:16:53","2026-05-25 05:16:53","AC33101580EB390CABAF79043B6A82E84048EA33086C018BEF8791FAD1F4DAED","B"
"G:\Meu Drive\0.1_MEU_CUMPADRE\0 0 Gestão Software\Documentação\LGPD _ ANDP-SCC\CLAUDE CODE\keybindings.md","keybindings.md",".md","2937","2026-05-25 05:17:00","2026-05-25 05:17:00","5CFD2158C36A82ABFE0E9ECC38CA8A4AD0D9385B20C454BA4E2F64BDE5BA8EF6","B"
"G:\Meu Drive\0.1_MEU_CUMPADRE\0 0 Gestão Software\Documentação\LGPD _ ANDP-SCC\CLAUDE CODE\legal-and-compliance.md","legal-and-compliance.md",".md","1973","2026-05-25 05:17:02","2026-05-25 05:17:02","CBE02354BB4A8F06BFE65B95FC94099826C4C03E1F969CFAFE41CA85FB2CD7F5","B"
"G:\Meu Drive\0.1_MEU_CUMPADRE\0 0 Gestão Software\Documentação\LGPD _ ANDP-SCC\CLAUDE CODE\llm-gateway.md","llm-gateway.md",".md","1721","2026-05-25 05:17:30","2026-05-25 05:17:30","F8F308E4FE3A2B0A56D9DD99F1C911831E110892B40B6040189595D18C71CA9F","B"
"G:\Meu Drive\0.1_MEU_CUMPADRE\0 0 Gestão Software\Documentação\LGPD _ ANDP-SCC\CLAUDE CODE\memory.md","memory.md",".md","4393","2026-05-25 05:17:43","2026-05-25 05:17:43","7815673AE343B280D4BEDD00091F6BD114B8994EC42AC08E83364D6B9A5FB1FB","B"
"G:\Meu Drive\0.1_MEU_CUMPADRE\0 0 Gestão Software\Documentação\LGPD _ ANDP-SCC\CLAUDE CODE\microsoft-foundry.md","microsoft-foundry.md",".md","1899","2026-05-25 05:17:48","2026-05-25 05:17:48","FC7249D9DC2A11659A871F76937F61E59E4868357311AE52EEAA5EFB6CC7C1B9","B"
"G:\Meu Drive\0.1_MEU_CUMPADRE\0 0 Gestão Software\Documentação\LGPD _ ANDP-SCC\CLAUDE CODE\model-config.md","model-config.md",".md","3663","2026-05-25 05:17:58","2026-05-25 05:17:58","4A65551392F7BF1F8A7ECC35163BD1BF25D1FF2B5AA916916897A4A6FC7B0933","B"
"G:\Meu Drive\0.1_MEU_CUMPADRE\0 0 Gestão Software\Documentação\LGPD _ ANDP-SCC\CLAUDE CODE\monitoring-usage.md","monitoring-usage.md",".md","2459","2026-05-25 05:18:01","2026-05-25 05:18:01","ED62DF7E25C23E2262DB9DC94499BD34F76DA0B742E7866CADF418E2CC0E7969","B"
"G:\Meu Drive\0.1_MEU_CUMPADRE\0 0 Gestão Software\Documentação\LGPD _ ANDP-SCC\CLAUDE CODE\desktop-quickstart.md","desktop-quickstart.md",".md","10564","2026-05-25 05:19:56","2026-05-25 05:19:56","1CB808292AE371C59C521BB0A1F23C99008B4DB7F904F56DF52072A9C320AAFF","B"
"G:\Meu Drive\0.1_MEU_CUMPADRE\0 0 Gestão Software\Documentação\LGPD _ ANDP-SCC\CLAUDE CODE\devcontainer.md","devcontainer.md",".md","17417","2026-05-25 05:20:43","2026-05-25 05:20:43","3E6C0FEEFF2F5080D34DBF62C1EA921D84C106403E0B0C6EA417BB335E215BA5","B"
"G:\Meu Drive\0.1_MEU_CUMPADRE\0 0 Gestão Software\Documentação\LGPD _ ANDP-SCC\CLAUDE CODE\discover-plugins.md","discover-plugins.md",".md","18886","2026-05-25 05:21:29","2026-05-25 05:21:29","0B73223FC049E2FAB1056A128A9355DE464A4C37741A7CD9035CCCA2B1228A44","B"
"G:\Meu Drive\0.1_MEU_CUMPADRE\0 0 Gestão Software\Documentação\LGPD _ ANDP-SCC\CLAUDE CODE\network-config.md","network-config.md",".md","7050","2026-05-25 05:21:56","2026-05-25 05:21:56","F8324FE0560CA2890CCED018FE27478AC616CEE02038178F42300A625A2F0D15","B"
"G:\Meu Drive\0.1_MEU_CUMPADRE\0 0 Gestão Software\Documentação\LGPD _ ANDP-SCC\CLAUDE CODE\Criar e distribuir um mercado de plugins - Documentação do Claude Code.pdf","Criar e distribuir um mercado de plugins - Documentação do Claude Code.pdf",".pdf","1567180","2026-05-25 05:21:57","2026-05-25 05:21:58","09280B7550AD81AF6B5151464429B8B86246E42ADAAB8579DAFAC075E9448203","B"
"G:\Meu Drive\0.1_MEU_CUMPADRE\0 0 Gestão Software\Documentação\LGPD _ ANDP-SCC\CLAUDE CODE\output-styles.md","output-styles.md",".md","8786","2026-05-25 05:22:17","2026-05-25 05:22:17","92A5B883E387E9289A5373D852904CEBD5F06192D72BB0F1449A0468147D8D7E","B"
"G:\Meu Drive\0.1_MEU_CUMPADRE\0 0 Gestão Software\Documentação\LGPD _ ANDP-SCC\CLAUDE CODE\permission-modes.md","permission-modes.md",".md","11424","2026-05-25 05:22:50","2026-05-25 05:22:50","1D60CF98EA6974CE71E08E0144E44E79F676EBE369B44CC1E87E717DCB1F1535","B"
"G:\Meu Drive\0.1_MEU_CUMPADRE\0 0 Gestão Software\Documentação\LGPD _ ANDP-SCC\CLAUDE CODE\Criar plugins - Documentação do Claude Code.pdf","Criar plugins - Documentação do Claude Code.pdf",".pdf","830182","2026-05-25 05:23:10","2026-05-25 05:23:10","871551460006475C0A323EED7F3CB65E0AFCE9533A5F448B5E3929FFD0FCA9EF","B"
"G:\Meu Drive\0.1_MEU_CUMPADRE\0 0 Gestão Software\Documentação\LGPD _ ANDP-SCC\CLAUDE CODE\permissions.md","permissions.md",".md","12495","2026-05-25 05:23:23","2026-05-25 05:23:23","A1B402AA42B62DD8BF4C291B7F2B15831877A2DA1ACB4CD779CFB5D85E7CF023","B"
"G:\Meu Drive\0.1_MEU_CUMPADRE\0 0 Gestão Software\Documentação\LGPD _ ANDP-SCC\CLAUDE CODE\platforms.md","platforms.md",".md","9416","2026-05-25 05:23:44","2026-05-25 05:23:44","9746A81E0A0125F74AE85E276A9A50ED72B6A20DD023915BF973922FB4B1695B","B"
"G:\Meu Drive\0.1_MEU_CUMPADRE\0 0 Gestão Software\Documentação\LGPD _ ANDP-SCC\CLAUDE CODE\Criar subagentes personalizados - Documentação do Claude Code.pdf","Criar subagentes personalizados - Documentação do Claude Code.pdf",".pdf","1538192","2026-05-25 05:23:55","2026-05-25 05:23:55","BA007F4A2E1E44E897A0B5805C1248D5C07302176F122244C80729A150B962C9","B"
"G:\Meu Drive\0.1_MEU_CUMPADRE\0 0 Gestão Software\Documentação\LGPD _ ANDP-SCC\CLAUDE CODE\plugins.md","plugins.md",".md","11484","2026-05-25 05:24:23","2026-05-25 05:24:23","DBBE839CA1A94CD9646F6287B983F31E12D5BB2F04501D260376E36DB99FA0F6","B"
"G:\Meu Drive\0.1_MEU_CUMPADRE\0 0 Gestão Software\Documentação\LGPD _ ANDP-SCC\CLAUDE CODE\remote-control.md","remote-control.md",".md","2776","2026-05-25 05:24:32","2026-05-25 05:24:32","ECC5FA7F8BADE17B5D0C4453C34D2CDA04D10380FCDC9292A83D22EEBC0A8869","B"
"G:\Meu Drive\0.1_MEU_CUMPADRE\0 0 Gestão Software\Documentação\LGPD _ ANDP-SCC\CLAUDE CODE\sandboxing.md","sandboxing.md",".md","3265","2026-05-25 05:24:40","2026-05-25 05:24:40","C36254257CCA4D7B6BC5FE79FE544A6A5D532BC5641E593142B0AB162C713DA7","B"
"G:\Meu Drive\0.1_MEU_CUMPADRE\0 0 Gestão Software\Documentação\LGPD _ ANDP-SCC\CLAUDE CODE\Gerencie os plugins do Claude Cowork para sua organização _ Central de Ajuda do Claude.pdf","Gerencie os plugins do Claude Cowork para sua organização _ Central de Ajuda do Claude.pdf",".pdf","430292","2026-05-25 05:26:22","2026-05-25 05:26:22","4B76EBAD9BEBD5923F6AFB3511D0529A62A765AD7887442A4F67E713855E3336","B"
"G:\Meu Drive\0.1_MEU_CUMPADRE\0 0 Gestão Software\Documentação\LGPD _ ANDP-SCC\CLAUDE CODE\Creating a new repository - GitHub Docs.pdf","Creating a new repository - GitHub Docs.pdf",".pdf","539629","2026-05-25 05:27:36","2026-05-25 05:27:36","20A06BA3BAC5BD110D0F2452FB36F02A4FB8854263957FFE6C110A74B136AF7C","B"
"G:\Meu Drive\0.1_MEU_CUMPADRE\0 0 Gestão Software\Documentação\LGPD _ ANDP-SCC\CLAUDE CODE\sub-agents.md","sub-agents.md",".md","49486","2026-05-25 05:27:42","2026-05-25 05:27:42","B6CFD8C1656B4772F5AB08A42EB76F952BDC7930FFA29E07DA2C50C104B79C3F","B"
"G:\Meu Drive\0.1_MEU_CUMPADRE\0 0 Gestão Software\Documentação\LGPD _ ANDP-SCC\CLAUDE CODE\terminal-config.md","terminal-config.md",".md","4806","2026-05-25 05:27:59","2026-05-25 05:27:59","C3560892B835BCAB0C68A918DD8784EF3B68483AE383FAA5D0A72C92F99249E9","B"
"G:\Meu Drive\0.1_MEU_CUMPADRE\0 0 Gestão Software\Documentação\LGPD _ ANDP-SCC\CLAUDE CODE\third-party-integrations.md","third-party-integrations.md",".md","11302","2026-05-25 05:28:26","2026-05-25 05:28:26","2738FB06DC68960968E34368328FA53B471F49A905AD94533A19EFB4A9E25AD8","B"
"G:\Meu Drive\0.1_MEU_CUMPADRE\0 0 Gestão Software\Documentação\LGPD _ ANDP-SCC\CLAUDE CODE\tools-reference.md","tools-reference.md",".md","16535","2026-05-25 05:28:53","2026-05-25 05:28:53","6CBA07B703DB758E20CB07E2406698E97BC82E67D965D5D3677004793C773A5C","B"
"G:\Meu Drive\0.1_MEU_CUMPADRE\0 0 Gestão Software\Documentação\LGPD _ ANDP-SCC\CLAUDE CODE\voice-dictation.md","voice-dictation.md",".md","7732","2026-05-25 05:29:29","2026-05-25 05:29:29","895A11351906C80F36603E2C188E04D1BFA2979B55EC6C98F239E54366D3EFC0","B"
"G:\Meu Drive\0.1_MEU_CUMPADRE\0 0 Gestão Software\Documentação\LGPD _ ANDP-SCC\CLAUDE CODE\web-scheduled-tasks.md","web-scheduled-tasks.md",".md","10466","2026-05-25 05:29:56","2026-05-25 05:29:56","FF9579A690DAC6EAFFC933904224BD262E8EA999646188316D3F1CEF766BB761","B"
"G:\Meu Drive\0.1_MEU_CUMPADRE\0 0 Gestão Software\Documentação\LGPD _ ANDP-SCC\CLAUDE CODE\zero-data-retention.md","zero-data-retention.md",".md","6036","2026-05-25 05:30:08","2026-05-25 05:30:08","04C71224F2AFF7CE318F1BC71DB39BE51ED0A13DA39EBA3B3C53F2E2343B407D","B"
"G:\Meu Drive\0.1_MEU_CUMPADRE\0 0 Gestão Software\Documentação\LGPD _ ANDP-SCC\CLAUDE CODE\vs-code.md","vs-code.md",".md","35365","2026-05-25 05:31:36","2026-05-25 05:31:36","16B95B5A5C5BE2378F9AA94AB90F6FD05E7390B3EA1F35BD4665B408356461D8","B"
"G:\Meu Drive\0.1_MEU_CUMPADRE\0 0 Gestão Software\Documentação\LGPD _ ANDP-SCC\CLAUDE CODE\plugin-marketplaces.md","plugin-marketplaces.md",".md","6059","2026-05-25 05:32:21","2026-05-25 05:32:21","4C12DF8F127B395A38DAF0FCCE3A1CE0DE3C80E57FADA75B68B64476BE4BC8BD","B"
"G:\Meu Drive\0.1_MEU_CUMPADRE\0 0 Gestão Software\Documentação\LGPD _ ANDP-SCC\CLAUDE CODE\CURADORIA CTO_MC\_Masterpieces 2024-2026_ Curadoria de Obras Essenciais para o CTO da Meu Cumpadre.pdf","_Masterpieces 2024-2026_ Curadoria de Obras Essenciais para o CTO da Meu Cumpadre.pdf",".pdf","609384","2026-05-25 11:39:19","2026-05-25 11:39:19","06F6CADA22B63E58317646A36A7C820A4DB50DC56D470DD3FE5435775299211C","B"
"G:\Meu Drive\0.1_MEU_CUMPADRE\0 0 Gestão Software\Documentação\LGPD _ ANDP-SCC\CLAUDE CODE\CURADORIA CTO_MC\Construindo Agentes de IA Eficazes _ Antrópicos.pdf","Construindo Agentes de IA Eficazes _ Antrópicos.pdf",".pdf","1880186","2026-05-25 11:48:56","2026-05-25 11:48:56","1A8B6E4E8C81E6501C463745DC9B86E73D302A51C7E84B6E169CA2438388138B","B"
"G:\Meu Drive\0.1_MEU_CUMPADRE\0 0 Gestão Software\Documentação\LGPD _ ANDP-SCC\CLAUDE CODE\CURADORIA CTO_MC\Como construímos nosso sistema de pesquisa multiagente _ Antrópico.pdf","Como construímos nosso sistema de pesquisa multiagente _ Antrópico.pdf",".pdf","6753525","2026-05-25 11:51:24","2026-05-25 11:51:24","D5D04825448235D3D99F51B9D4004F48B9EFB73F63AC82B53970CC574300DAFA","B"
"G:\Meu Drive\0.1_MEU_CUMPADRE\0 0 Gestão Software\Documentação\LGPD _ ANDP-SCC\CLAUDE CODE\CURADORIA CTO_MC\O que é o Protocolo de Contexto do Modelo (MCP)_ - Protocolo de Contexto do Modelo.pdf","O que é o Protocolo de Contexto do Modelo (MCP)_ - Protocolo de Contexto do Modelo.pdf",".pdf","375651","2026-05-25 11:52:22","2026-05-25 11:52:22","0577B5188BFFB40A496ADB69EC4F326789C86B9F5DC409D9289687FD8898A5C0","B"
"G:\Meu Drive\0.1_MEU_CUMPADRE\0 0 Gestão Software\Documentação\LGPD _ ANDP-SCC\CLAUDE CODE\CURADORIA CTO_MC\Apresentando o Protocolo de Contexto do Modelo _ Antrópico.pdf","Apresentando o Protocolo de Contexto do Modelo _ Antrópico.pdf",".pdf","2520603","2026-05-25 11:53:00","2026-05-25 11:53:00","83CBB654D7A565AFC8E10A20BBFEE24B954EFC7F42E8DA1DA2FC972F5FDE510F","B"
"G:\Meu Drive\0.1_MEU_CUMPADRE\0 0 Gestão Software\Documentação\LGPD _ ANDP-SCC\CLAUDE CODE\CURADORIA CTO_MC\Seu produto de IA precisa de avaliações..pdf","Seu produto de IA precisa de avaliações..pdf",".pdf","4670623","2026-05-25 13:57:29","2026-05-25 13:58:21","822F4EDFC7814A60CDC90CE910DC76592126DC323FA7F10FAA58D129AC3913C7","B"
"G:\Meu Drive\0.1_MEU_CUMPADRE\0 0 Gestão Software\Documentação\LGPD _ ANDP-SCC\CLAUDE CODE\CURADORIA CTO_MC\Utilizando o LLM como Juiz para Avaliação- Um Guia Completo.pdf","Utilizando o LLM como Juiz para Avaliação- Um Guia Completo.pdf",".pdf","7645207","2026-05-25 13:58:47","2026-05-25 14:00:41","6A5D1A3F45FC6D68B9CFB581889BBF8A63ECCA31281D03137CC78718855EFA5E","B"
"G:\Meu Drive\0.1_MEU_CUMPADRE\0 0 Gestão Software\Documentação\LGPD _ ANDP-SCC\CLAUDE CODE\CURADORIA CTO_MC\O que aprendemos em um ano construindo com LLMs.pdf","O que aprendemos em um ano construindo com LLMs.pdf",".pdf","19811491","2026-05-25 13:59:51","2026-05-25 14:03:12","0AC0CEE44CDD766940088FBC8584A706CDAE8FCF846FD51871AFE67A91796BBC","B"
"G:\Meu Drive\0.1_MEU_CUMPADRE\0 0 Gestão Software\Documentação\LGPD _ ANDP-SCC\CLAUDE CODE\CURADORIA CTO_MC\Andrej Karpathy no X_ _There's a new kind of coding I call _vibe coding_, where you fully give.pdf","Andrej Karpathy no X_ _There's a new kind of coding I call _vibe coding_, where you fully give.pdf",".pdf","309018","2026-05-25 14:37:18","2026-05-25 14:37:18","9733E2E7349F8D2B20CFFF359278F01BACD0767072F44B8E9BEB3C846A18C4A0","B"
"G:\Meu Drive\0.1_MEU_CUMPADRE\0 0 Gestão Software\Documentação\LGPD _ ANDP-SCC\CLAUDE CODE\CURADORIA CTO_MC\Best practices for Claude Code - Claude Code Docs.pdf","Best practices for Claude Code - Claude Code Docs.pdf",".pdf","978192","2026-05-25 14:52:37","2026-05-25 14:52:37","980C4E289FFDEBDF02BD472D962A0C461B8FD4F16FEBE179E73F09A2557F2410","B"
"G:\Meu Drive\0.1_MEU_CUMPADRE\0 0 Gestão Software\Documentação\LGPD _ ANDP-SCC\CLAUDE CODE\CURADORIA CTO_MC\Spec-driven development with AI_ Get started with a new open source toolkit - The GitHub Blog.pdf","Spec-driven development with AI_ Get started with a new open source toolkit - The GitHub Blog.pdf",".pdf","1825410","2026-05-25 14:54:39","2026-05-25 14:54:39","95104AC95092BDCA979A860246FA8D7E2828175702C6C90C60507D644F3BB649","B"
"G:\Meu Drive\0.1_MEU_CUMPADRE\0 0 Gestão Software\Documentação\LGPD _ ANDP-SCC\CLAUDE CODE\CURADORIA CTO_MC\[2310.03714] DSPy_ Compiling Declarative Language Model Calls into Self-Improving Pipelines.pdf","[2310.03714] DSPy_ Compiling Declarative Language Model Calls into Self-Improving Pipelines.pdf",".pdf","273820","2026-05-25 15:10:02","2026-05-25 15:10:02","82333A560EEAA882904F395D75FCDE42457BBB0AE82F9075D3750B956A3BF16B","B"
"G:\Meu Drive\0.1_MEU_CUMPADRE\0 0 Gestão Software\Documentação\LGPD _ ANDP-SCC\CLAUDE CODE\CURADORIA CTO_MC\Effective context engineering for AI agents _ Anthropic.pdf","Effective context engineering for AI agents _ Anthropic.pdf",".pdf","2356392","2026-05-25 15:12:39","2026-05-25 15:12:39","0B15078A593295FDA5299916CFF77292632054C3195C03B768773BE8E07AFC99","B"
"G:\Meu Drive\0.1_MEU_CUMPADRE\0 0 Gestão Software\Documentação\LGPD _ ANDP-SCC\CLAUDE CODE\CURADORIA CTO_MC\[2407.01449] ColPali_ Efficient Document Retrieval with Vision Language Models.pdf","[2407.01449] ColPali_ Efficient Document Retrieval with Vision Language Models.pdf",".pdf","279474","2026-05-25 15:13:16","2026-05-25 15:13:16","0A28446AA65AFAA9EC05A08D8185055A76D4F3CE5E609535E60D57A6AE378152","B"
"G:\Meu Drive\0.1_MEU_CUMPADRE\0 0 Gestão Software\Documentação\LGPD _ ANDP-SCC\CLAUDE CODE\CURADORIA CTO_MC\Inspect - An open-source framework for large language model evaluations.pdf","Inspect - An open-source framework for large language model evaluations.pdf",".pdf","525569","2026-05-25 15:19:12","2026-05-25 15:19:12","015C4A9450B0EF0F45299D1E824C09882416B048931ADAC909ECC415BDDB6DD8","B"
"G:\Meu Drive\0.1_MEU_CUMPADRE\0 0 Gestão Software\Documentação\LGPD _ ANDP-SCC\CLAUDE CODE\CURADORIA CTO_MC\LLM Powered Autonomous Agents _ Lil'Log.pdf","LLM Powered Autonomous Agents _ Lil'Log.pdf",".pdf","6347650","2026-05-25 15:20:00","2026-05-25 15:20:00","8404E5923D14FC1F154575A15749BB946C62B8F04DBC5D8ED49879701D19AEB7","B"
"G:\Meu Drive\0.1_MEU_CUMPADRE\0 0 Gestão Software\Documentação\LGPD _ ANDP-SCC\CLAUDE CODE\CURADORIA CTO_MC\Patterns for Building LLM-based Systems & Products.pdf","Patterns for Building LLM-based Systems & Products.pdf",".pdf","11014172","2026-05-25 15:20:53","2026-05-25 15:20:53","A79615F558585F04369D7707ECEDC57DD2BC0B8FE61FF1542BE5FE5E8EE46E4E","B"
"G:\Meu Drive\0.1_MEU_CUMPADRE\0 0 Gestão Software\Documentação\LGPD _ ANDP-SCC\CLAUDE CODE\CURADORIA CTO_MC\[2401.05566] Sleeper Agents_ Training Deceptive LLMs that Persist Through Safety Training.pdf","[2401.05566] Sleeper Agents_ Training Deceptive LLMs that Persist Through Safety Training.pdf",".pdf","300267","2026-05-25 15:21:23","2026-05-25 15:21:23","6FA4F53441E5ED2A75AE151F28C6FE0FD90F5340AA0CBD289B41FC322A3B34EF","B"
"G:\Meu Drive\0.1_MEU_CUMPADRE\0 0 Gestão Software\Documentação\LGPD _ ANDP-SCC\CLAUDE CODE\CURADORIA CTO_MC\Four AI Agent Strategies That Improve GPT-4 and GPT-3.5 Performance.pdf","Four AI Agent Strategies That Improve GPT-4 and GPT-3.5 Performance.pdf",".pdf","783164","2026-05-25 15:22:02","2026-05-25 15:22:02","F2B2DF5CF0AD4592B49C675233102138BE2C945507B0D640941502740183168C","B"
"G:\Meu Drive\0.1_MEU_CUMPADRE\0 0 Gestão Software\Documentação\LGPD _ ANDP-SCC\CLAUDE CODE\CURADORIA CTO_MC\Introducing Agent Skills _ Claude.pdf","Introducing Agent Skills _ Claude.pdf",".pdf","1196445","2026-05-25 15:23:22","2026-05-25 15:23:22","FD7DD8A2633A539A2AF3F5B4954B6FC8EC13276FC959AC1AB28F802C9D0032DF","B"
"G:\Meu Drive\0.1_MEU_CUMPADRE\0 0 Gestão Software\Documentação\LGPD _ ANDP-SCC\CLAUDE CODE\CURADORIA CTO_MC\Things we learned about LLMs in 2024.pdf","Things we learned about LLMs in 2024.pdf",".pdf","1124276","2026-05-25 15:24:08","2026-05-25 15:24:08","C9C95D7927811F97E42D813BE575ADE99252F37719AE9D606C2125FBD5613A7C","B"
"G:\Meu Drive\0.1_MEU_CUMPADRE\0 0 Gestão Software\Documentação\LGPD _ ANDP-SCC\CLAUDE CODE\CURADORIA CTO_MC\Contextual Retrieval in AI Systems _ Anthropic.pdf","Contextual Retrieval in AI Systems _ Anthropic.pdf",".pdf","4331457","2026-05-25 15:26:29","2026-05-25 15:26:29","E1D056E418FF28AEEF5E964D424028B92636E0003308236FEE504C390D8CE309","B"
"G:\Meu Drive\0.1_MEU_CUMPADRE\0 0 Gestão Software\Documentação\LGPD _ ANDP-SCC\CLAUDE CODE\CURADORIA CTO_MC\Andrej Karpathy Software Is Changing (Again).pdf","Andrej Karpathy Software Is Changing (Again).pdf",".pdf","71294","2026-05-25 16:52:32","2026-05-25 16:52:04","AC5B16C2C0DB0A6E70255B6814EB50D6671F31BFE4F65997340DC4B2F2222357","B"
"G:\Meu Drive\0.1_MEU_CUMPADRE\0 0 Gestão Software\Documentação\LGPD _ ANDP-SCC\CLAUDE CODE\CURADORIA CTO_MC\Deep Dive into LLMs like ChatGPT.pdf","Deep Dive into LLMs like ChatGPT.pdf",".pdf","64124","2026-05-25 16:52:32","2026-05-25 16:52:04","9EF9AA02EAC01CC396D0FFAFBF45837B24C4D06873B8EDFD2311FE8ECB92B230","B"
